id;first_name;last_name;email;phone_number;hire_date;salary;commission_pct
1;Vernice;Willms;Lori.Pollich17@gmail.com;partnerships content;2019-08-21T17:48:04;75616;123
2;Fanny;Gusikowski;Willard_Schinner@yahoo.com;Cross-group redefine;2019-08-22T09:51:59;2002;99248
3;Myra;Walter;Kamille_Flatley52@hotmail.com;Money Market Account;2019-08-22T11:23:07;78790;75527
4;Samanta;Champlin;Rey.Lakin70@yahoo.com;Music;2019-08-22T06:14:57;22735;26311
5;Evans;Herzog;Ashley.Hegmann55@yahoo.com;secured line morph;2019-08-22T02:47:30;94238;60059
6;Schuyler;Larkin;Tessie_Schaden@gmail.com;Texas aggregate Cambridgeshire;2019-08-22T03:59:32;11636;53973
7;Reba;Murazik;Margot_Thiel@yahoo.com;back-end digital secured line;2019-08-22T11:34:56;32252;40298
8;Alayna;Daniel;Maude_Ernser@gmail.com;North Carolina Creative Connecticut;2019-08-22T02:01:12;86201;31372
9;Theresa;Moen;Broderick_Moen82@yahoo.com;installation;2019-08-21T14:39:27;39866;82520
10;Caden;O'Reilly;Bonita.Bernhard@yahoo.com;Concrete Associate;2019-08-22T00:20:09;77672;96582
