id;street_address;postal_code;city;state_province
1;transmitting COM;Music Data East Caribbean Dollar;Layneberg;invoice whiteboard payment
2;world-class;Orchestrator;West Wilberhaven;Facilitator transmit
3;Iowa;Refined withdrawal copy;Ornview;Legacy SAS help-desk
4;navigating Plastic Nigeria;firmware;Frederickstad;Ohio disintermediate
5;Pine Optimized;eyeballs Movies;Leeville;payment connect Berkshire
6;XSS Suriname;Lead cross-platform;West Calliebury;Illinois Kyrgyz Republic
7;unleash Slovenia;monitor Operations Sports;South Adamside;Unbranded Frozen Bike invoice
8;Intelligent Frozen Shoes mission-critical;Shoes;Desireeport;Quetzal
9;haptic Moldova archive;monitor morph;Jerdefort;Christmas Island
10;Dong;haptic;New Eleazarland;Georgia Universal Group
