id;uuid;permalink;firstname;lastname;alsoknownas;bio;profileimageid;roleinvestor;bornon;bornontrustcode;diedon;diedontrustcode;createdat;updatedat;permalinkaliases;gender;rank;primaryaffiliationid;primarylocationid;primaryimageid;title;homepageurl;facebookurl;twitterurl;linkedinurl;cityname;regionname;countrycode
1;e5936674-f92e-4928-9940-bd9e19ebce0b;Cheese Maine;Practical Steel Fish Unbranded;Chief Coves Concrete;Pizza yellow programming;FTP;51883;false;2019-08-21T23:20:01;60789;2019-08-22T03:56:53;37930;2019-08-22T12:12:36;2019-08-21T19:39:44;indigo auxiliary;leading-edge synergize;53739;86351;91985;92296;Inlet Rue;Path Assimilated Unions;Devolved;Avon web-readiness;frame multi-byte modular;Electronics;Bedfordshire Strategist;Towels applications
2;18f28494-16b6-43ce-9373-9067d9914cb7;Malaysia supply-chains;Borders hack;Pants;Tasty navigate didactic;payment schemas Industrial;15615;true;2019-08-21T20:20:28;86699;2019-08-21T21:42:37;40798;2019-08-22T12:52:26;2019-08-22T00:16:59;Enterprise-wide;Moldovan Leu;1971;59504;10410;33927;Florida THX Idaho;Licensed Visionary pixel;neural Markets Branding;maroon;superstructure;Kids;microchip;Music Salad North Carolina
3;6beed955-4d65-4904-9956-c856d43ffcc2;COM;Agent Squares;supply-chains;Bedfordshire;Peru withdrawal Down-sized;13935;true;2019-08-21T17:29:10;42170;2019-08-21T13:53:56;13227;2019-08-22T00:54:28;2019-08-21T15:54:38;Lari;Sports Global Soft;57651;49809;27405;6717;reintermediate Buckinghamshire;yellow Games Concrete;system-worthy pixel Phased;withdrawal Towels;navigating seize generate;Fantastic Wooden Chips microchip;Generic;Business-focused generate grid-enabled
4;5ebb499f-76af-4e2b-b340-8429d0d7f925;connect Incredible;bricks-and-clicks;Buckinghamshire Nepalese Rupee;Forge Licensed;auxiliary;69469;true;2019-08-22T06:59:34;525;2019-08-21T23:21:32;10309;2019-08-22T04:51:39;2019-08-22T05:58:26;solid state;Soft Quality Mount;18513;8670;54190;95817;input invoice calculate;Philippine Peso parsing Triple-buffered;deposit Rand Namibia Dollar;Branding;Handcrafted Rubber Sausages;Towels Mississippi Product;Metal;complexity Direct Administrator
5;fc7bd0d7-58da-40a9-9381-71eb857b6195;Maldives bluetooth policy;Timor-Leste e-commerce;Inverse Health JBOD;Outdoors;Holy See (Vatican City State);93906;true;2019-08-21T18:21:13;7002;2019-08-21T13:34:26;948;2019-08-22T05:06:26;2019-08-22T12:15:35;Fantastic Sleek Granite Tuna Utah;Coordinator;76827;9169;41776;33637;Russian Federation program;Practical;emulation SQL;Persevering Gorgeous Steel Salad Associate;Fantastic whiteboard;lavender;neural Cloned Massachusetts;SCSI Communications Underpass
6;9f2bf136-fda3-49d8-9302-6302fcd5c0af;EXE;Personal Loan Account Chile foreground;connect Zimbabwe Dollar;Forward;Pre-emptive Reduced;53697;false;2019-08-21T23:17:37;89492;2019-08-21T23:36:08;86012;2019-08-22T11:19:43;2019-08-22T02:32:45;incentivize bi-directional Tunnel;Configuration;86212;3542;80951;32905;Infrastructure bandwidth;ROI;Computers Saint Helena Pound;Borders;Integration;Bond Markets Units European Composite Unit (EURCO);Facilitator;Cambridgeshire
7;789ed95a-a89d-44be-8cda-3d2d2b5d3bea;Credit Card Account;purple SCSI Accountability;Outdoors backing up;copying;reboot;16075;false;2019-08-21T17:53:35;55618;2019-08-21T17:33:11;75663;2019-08-22T01:20:42;2019-08-22T07:18:56;black;Money Market Account;98118;55984;63181;11584;expedite;Solomon Islands;Wooden radical Beauty;Facilitator 24/365;Sausages bypass;Directives Baht Tasty Plastic Keyboard;bypass hard drive Hollow;Checking Account
8;0ddffaf7-ba29-4c60-90d5-57dc4a07247f;partnerships Terrace Hat;calculating conglomeration bypassing;Kroon deposit systemic;Liaison Grocery capacitor;applications invoice unleash;27421;false;2019-08-21T13:54:32;31195;2019-08-22T03:42:01;32074;2019-08-21T16:03:58;2019-08-21T20:08:17;override;Outdoors;65166;71492;36852;56275;Mall Vietnam Mouse;SDD;Cheese Summit Saint Martin;Auto Loan Account;4th generation;Principal Savings Account online;Music Savings Account;Ethiopian Birr architectures
9;33721a95-49c6-44f7-a071-a667f9b4abcd;solid state Handmade Granite Fish Rustic;Tasty;Steel Berkshire;magenta efficient;Automotive approach Borders;8786;true;2019-08-22T05:06:33;8250;2019-08-22T12:43:38;82451;2019-08-22T11:38:18;2019-08-22T04:56:13;benchmark Planner;Solomon Islands Dollar;80058;82144;20015;4118;Brunei Dollar;deposit circuit Kids;Checking Account Home Loan Account orchestration;XSS alarm neural;Auto Loan Account Avon;Customer Montserrat;online Port Sleek Wooden Fish;Handmade Generic Concrete Tuna
10;27d935f7-5b2d-4c6a-8728-0ba35f8f7a13;Algerian Dinar Practical Steel Mouse;indexing;XSS;mindshare navigating Money Market Account;drive Analyst Awesome Fresh Hat;57867;true;2019-08-22T02:59:51;2939;2019-08-21T20:07:05;39551;2019-08-22T01:50:39;2019-08-21T22:58:33;Personal Loan Account redundant withdrawal;Iowa National grey;62296;46581;63156;83599;Customer-focused synthesize iterate;Tuna Implemented;Bedfordshire applications Sleek Cotton Bike;AI;Home Loan Account Louisiana;Checking Account Tuna;toolset incentivize;deposit matrices quantify
